gap,state,direction,goals,exposure_secs,rate_per_60min,ci_lo_per_60,ci_hi_per_60,seasons_detail
2,EN_ev,for,233,106455.0,7.879385655910949,6.900005229295963,8.95878536739957,20222023:60g/22809s; 20232024:49g/27299s; 20242025:63g/29676s; 20252026:61g/26671s
2,EN_ev,against,801,106455.0,27.087501761307593,25.243820024270242,29.030225571028883,20222023:171g/22809s; 20232024:204g/27299s; 20242025:213g/29676s; 20252026:213g/26671s
2,EN_pk,for,0,199.0,0.0,0.0,54.27135678391959,20222023:0g/51s; 20232024:0g/14s; 20242025:0g/63s; 20252026:0g/71s
2,EN_pk,against,8,199.0,144.72361809045228,62.314960950628006,285.1807385484043,20222023:3g/51s; 20232024:1g/14s; 20242025:3g/63s; 20252026:1g/71s
2,EN_pp,for,43,12528.0,12.35632183908046,8.9413736932893,16.64437887304422,20222023:7g/2757s; 20232024:13g/3423s; 20242025:16g/3545s; 20252026:7g/2803s
2,EN_pp,against,50,12528.0,14.367816091954024,10.663187256619153,18.94266146153899,20222023:13g/2757s; 20232024:12g/3423s; 20242025:13g/3545s; 20252026:12g/2803s
2,EV_full,for,753,1066452.0,2.541886554669127,2.36354506583469,2.7301181958649834,20222023:196g/263633s; 20232024:166g/274207s; 20242025:193g/287643s; 20252026:198g/240969s
2,EV_full,against,727,1066452.0,2.4541188914268997,2.278939724533782,2.639190312320308,20222023:189g/263633s; 20232024:194g/274207s; 20242025:179g/287643s; 20252026:165g/240969s
2,TPK_full,for,26,101966.0,0.9179530431712533,0.5994804470084927,1.3450758025230822,20222023:8g/24737s; 20232024:7g/30929s; 20242025:4g/24377s; 20252026:7g/21923s
2,TPK_full,against,181,101966.0,6.390365415922955,5.493212893795751,7.392235713572336,20222023:57g/24737s; 20232024:41g/30929s; 20242025:44g/24377s; 20252026:39g/21923s
2,TPP_full,for,238,119572.0,7.165557153848727,6.283997931694963,8.136143787138835,20222023:56g/29439s; 20232024:60g/33791s; 20242025:61g/28199s; 20252026:61g/28143s
2,TPP_full,against,25,119572.0,0.7526845749841099,0.4869607632490037,1.1111636295677618,20222023:6g/29439s; 20232024:12g/33791s; 20242025:3g/28199s; 20252026:4g/28143s
3,EN_ev,for,66,28662.0,8.289721582583212,6.410935455625544,10.546764386594823,20222023:10g/5516s; 20232024:18g/5582s; 20242025:23g/8030s; 20252026:15g/9534s
3,EN_ev,against,182,28662.0,22.859535273184008,19.658745705646187,26.43283744236179,20222023:46g/5516s; 20232024:33g/5582s; 20242025:49g/8030s; 20252026:54g/9534s
3,EN_pk,for,0,1.0,0.0,0.0,10800.0,20222023:0g/1s; 20232024:0g/0s; 20242025:0g/0s; 20252026:0g/0s
3,EN_pk,against,0,1.0,0.0,0.0,10800.0,20222023:0g/1s; 20232024:0g/0s; 20242025:0g/0s; 20252026:0g/0s
3,EN_pp,for,32,7893.0,14.59521094640821,9.981318048946509,20.604882457585862,20222023:8g/1693s; 20232024:9g/1716s; 20242025:8g/2286s; 20252026:7g/2198s
3,EN_pp,against,35,7893.0,15.96351197263398,11.117465480128182,22.20217721097564,20222023:11g/1693s; 20232024:6g/1716s; 20242025:9g/2286s; 20252026:9g/2198s
3,EV_full,for,426,679342.0,2.2574785601361316,2.048161530572148,2.4823826242100404,20222023:104g/178308s; 20232024:123g/184482s; 20242025:98g/158933s; 20252026:101g/157619s
3,EV_full,against,441,679342.0,2.336967241831066,2.12390800439093,2.5656092915457087,20222023:124g/178308s; 20232024:108g/184482s; 20242025:107g/158933s; 20252026:102g/157619s
3,TPK_full,for,14,62522.0,0.8061162470810275,0.44033758265377193,1.352616186218002,20222023:4g/18291s; 20232024:5g/18466s; 20242025:2g/12728s; 20252026:3g/13037s
3,TPK_full,against,138,62522.0,7.946003006941558,6.675504697790268,9.387870144309627,20222023:37g/18291s; 20232024:43g/18466s; 20242025:26g/12728s; 20252026:32g/13037s
3,TPP_full,for,114,72804.0,5.637052909180814,4.649770474581861,6.771898065677489,20222023:30g/21745s; 20232024:27g/18546s; 20242025:30g/16034s; 20252026:27g/16479s
3,TPP_full,against,16,72804.0,0.7911653205867809,0.4519240023272362,1.2848838916491792,20222023:4g/21745s; 20232024:5g/18546s; 20242025:3g/16034s; 20252026:4g/16479s
4,EN_ev,for,5,448.0,40.17857142857143,12.948025671277023,93.7631376155869,20222023:2g/137s; 20232024:1g/57s; 20242025:0g/244s; 20252026:2g/10s
4,EN_ev,against,4,448.0,32.14285714285714,8.647395987654322,82.29280678022207,20222023:0g/137s; 20232024:1g/57s; 20242025:2g/244s; 20252026:1g/10s
4,EN_pp,for,1,524.0,6.870229007633587,0.08979481669965127,38.22496714879057,20222023:1g/199s; 20232024:0g/0s; 20242025:0g/203s; 20252026:0g/122s
4,EN_pp,against,0,524.0,0.0,0.0,20.610687022900763,20222023:0g/199s; 20232024:0g/0s; 20242025:0g/203s; 20252026:0g/122s
4,EV_full,for,224,351645.0,2.293221857270827,2.002705434098935,2.6140302227462286,20222023:64g/92706s; 20232024:60g/86141s; 20242025:47g/95394s; 20252026:53g/77404s
4,EV_full,against,242,351645.0,2.4774986136586614,2.1751453612861313,2.810119164595767,20222023:66g/92706s; 20232024:51g/86141s; 20242025:60g/95394s; 20252026:65g/77404s
4,TPK_full,for,7,33249.0,0.7579175313543264,0.3036411333297936,1.561679703144076,20222023:0g/7603s; 20232024:2g/9255s; 20242025:1g/8594s; 20252026:4g/7797s
4,TPK_full,against,66,33249.0,7.146079581340792,5.526488977988491,9.091742935083184,20222023:22g/7603s; 20232024:12g/9255s; 20242025:18g/8594s; 20252026:14g/7797s
4,TPP_full,for,76,42341.0,6.461821874778583,5.090969104323331,8.088070557489651,20222023:22g/12066s; 20232024:21g/10836s; 20242025:13g/10071s; 20252026:20g/9368s
4,TPP_full,against,8,42341.0,0.6801917762924825,0.2928763427688286,1.3403312857781453,20222023:2g/12066s; 20232024:4g/10836s; 20242025:1g/10071s; 20252026:1g/9368s
